<?xml version="1.0" encoding="UTF-8"?>
<GenRun Id="impl_1" LaunchPart="xc7a35tlcpg236-2L" LaunchTime="1480711245">
  <File Type="PA-TCL" Name="Button_Test.tcl"/>
  <File Type="POSTROUTE-PHYSOPT-DCP" Name="Button_Test_postroute_physopt.dcp"/>
  <File Type="INIT-TIMING" Name="Button_Test_timing_summary_init.rpt"/>
  <File Type="OPT-DCP" Name="Button_Test_opt.dcp"/>
  <File Type="OPT-DRC" Name="Button_Test_drc_opted.rpt"/>
  <File Type="OPT-METHODOLOGY-DRC" Name="Button_Test_methodology_drc_opted.rpt"/>
  <File Type="OPT-HWDEF" Name="Button_Test.hwdef"/>
  <File Type="OPT-TIMING" Name="Button_Test_timing_summary_opted.rpt"/>
  <File Type="PWROPT-DCP" Name="Button_Test_pwropt.dcp"/>
  <File Type="PWROPT-DRC" Name="Button_Test_drc_pwropted.rpt"/>
  <File Type="PWROPT-TIMING" Name="Button_Test_timing_summary_pwropted.rpt"/>
  <File Type="PLACE-DCP" Name="Button_Test_placed.dcp"/>
  <File Type="PLACE-IO" Name="Button_Test_io_placed.rpt"/>
  <File Type="PLACE-CLK" Name="Button_Test_clock_utilization_placed.rpt"/>
  <File Type="PLACE-UTIL" Name="Button_Test_utilization_placed.rpt"/>
  <File Type="PLACE-UTIL-PB" Name="Button_Test_utilization_placed.pb"/>
  <File Type="PLACE-CTRL" Name="Button_Test_control_sets_placed.rpt"/>
  <File Type="PLACE-SIMILARITY" Name="Button_Test_incremental_reuse_placed.rpt"/>
  <File Type="PLACE-PRE-SIMILARITY" Name="Button_Test_incremental_reuse_pre_placed.rpt"/>
  <File Type="PLACE-TIMING" Name="Button_Test_timing_summary_placed.rpt"/>
  <File Type="POSTPLACE-PWROPT-DCP" Name="Button_Test_postplace_pwropt.dcp"/>
  <File Type="POSTROUTE-PHYSOPT-TIMING" Name="Button_Test_timing_summary_postroute_physopted.rpt"/>
  <File Type="BG-BIT" Name="Button_Test.bit"/>
  <File Type="ROUTE-TIMINGSUMMARY" Name="Button_Test_timing_summary_routed.rpt"/>
  <File Type="BG-BIN" Name="Button_Test.bin"/>
  <File Type="ROUTE-SIMILARITY" Name="Button_Test_incremental_reuse_routed.rpt"/>
  <File Type="BITSTR-MSK" Name="Button_Test.msk"/>
  <File Type="ROUTE-CLK" Name="Button_Test_clock_utilization_routed.rpt"/>
  <File Type="BITSTR-RBT" Name="Button_Test.rbt"/>
  <File Type="BITSTR-NKY" Name="Button_Test.nky"/>
  <File Type="BITSTR-BMM" Name="Button_Test_bd.bmm"/>
  <File Type="POSTROUTE-PHYSOPT-BLACKBOX-DCP" Name="Button_Test_postroute_physopt_bb.dcp"/>
  <File Type="WBT-USG" Name="usage_statistics_webtalk.html"/>
  <File Type="RDI-RDI" Name="Button_Test.vdi"/>
  <File Type="POSTROUTE-PHYSOPT-TIMING-PB" Name="Button_Test_timing_summary_postroute_physopted.pb"/>
  <File Type="BG-DRC" Name="Button_Test.drc"/>
  <File Type="ROUTE-TIMING-PB" Name="Button_Test_timing_summary_routed.pb"/>
  <File Type="BITSTR-MMI" Name="Button_Test.mmi"/>
  <File Type="POSTROUTE-PHYSOPT-TIMING-RPX" Name="Button_Test_timing_summary_postroute_physopted.rpx"/>
  <File Type="BG-BGN" Name="Button_Test.bgn"/>
  <File Type="ROUTE-TIMING-RPX" Name="Button_Test_timing_summary_routed.rpx"/>
  <File Type="BITSTR-SYSDEF" Name="Button_Test.sysdef"/>
  <File Type="ROUTE-STATUS-PB" Name="Button_Test_route_status.pb"/>
  <File Type="ROUTE-STATUS" Name="Button_Test_route_status.rpt"/>
  <File Type="ROUTE-PWR-RPX" Name="Button_Test_power_routed.rpx"/>
  <File Type="ROUTE-PWR-SUM" Name="Button_Test_power_summary_routed.pb"/>
  <File Type="ROUTE-PWR" Name="Button_Test_power_routed.rpt"/>
  <File Type="ROUTE-METHODOLOGY-DRC-PB" Name="Button_Test_methodology_drc_routed.pb"/>
  <File Type="ROUTE-METHODOLOGY-DRC" Name="Button_Test_methodology_drc_routed.rpt"/>
  <File Type="ROUTE-DRC-PB" Name="Button_Test_drc_routed.pb"/>
  <File Type="ROUTE-DRC" Name="Button_Test_drc_routed.rpt"/>
  <File Type="ROUTE-BLACKBOX-DCP" Name="Button_Test_routed_bb.dcp"/>
  <File Type="ROUTE-DCP" Name="Button_Test_routed.dcp"/>
  <File Type="PHYSOPT-TIMING" Name="Button_Test_timing_summary_physopted.rpt"/>
  <File Type="PHYSOPT-DRC" Name="Button_Test_drc_physopted.rpt"/>
  <File Type="PHYSOPT-DCP" Name="Button_Test_physopt.dcp"/>
  <File Type="POSTPLACE-PWROPT-TIMING" Name="Button_Test_timing_summary_postplace_pwropted.rpt"/>
  <FileSet Name="sources" Type="DesignSrcs" RelSrcDir="$PSRCDIR/sources_1">
    <Filter Type="Srcs"/>
    <File Path="$PSRCDIR/sources_1/new/Button.vhd">
      <FileInfo>
        <Attr Name="UsedIn" Val="synthesis"/>
        <Attr Name="UsedIn" Val="simulation"/>
      </FileInfo>
    </File>
    <File Path="$PSRCDIR/sources_1/new/Button_Test.vhd">
      <FileInfo>
        <Attr Name="UsedIn" Val="synthesis"/>
        <Attr Name="UsedIn" Val="simulation"/>
      </FileInfo>
    </File>
    <Config>
      <Option Name="DesignMode" Val="RTL"/>
      <Option Name="TopModule" Val="Button_Test"/>
      <Option Name="TopAutoSet" Val="TRUE"/>
    </Config>
  </FileSet>
  <FileSet Name="constrs_in" Type="Constrs" RelSrcDir="$PSRCDIR/constrs_1">
    <Filter Type="Constrs"/>
    <File Path="$PSRCDIR/constrs_1/new/Button_Constraints.xdc">
      <FileInfo>
        <Attr Name="UsedIn" Val="synthesis"/>
        <Attr Name="UsedIn" Val="implementation"/>
      </FileInfo>
    </File>
    <Config>
      <Option Name="ConstrsType" Val="XDC"/>
    </Config>
  </FileSet>
  <Strategy Version="1" Minor="2">
    <StratHandle Name="Vivado Implementation Defaults" Flow="Vivado Implementation 2016"/>
    <Step Id="init_design"/>
    <Step Id="opt_design"/>
    <Step Id="power_opt_design"/>
    <Step Id="place_design"/>
    <Step Id="post_place_power_opt_design"/>
    <Step Id="phys_opt_design"/>
    <Step Id="route_design"/>
    <Step Id="post_route_phys_opt_design"/>
    <Step Id="write_bitstream"/>
  </Strategy>
</GenRun>
