<?xml version="1.0" encoding="UTF-8"?>
<GenRun Id="synth_1" LaunchPart="xc7a35tlcpg236-2L" LaunchTime="1480711245">
  <File Type="PA-TCL" Name="Button_Test.tcl"/>
  <File Type="RDS-RDS" Name="Button_Test.vds"/>
  <File Type="VDS-TIMINGSUMMARY" Name="Button_Test_timing_summary_synth.rpt"/>
  <File Type="VDS-TIMING-PB" Name="Button_Test_timing_summary_synth.pb"/>
  <File Type="RDS-DCP" Name="Button_Test.dcp"/>
  <File Type="RDS-UTIL-PB" Name="Button_Test_utilization_synth.pb"/>
  <File Type="RDS-UTIL" Name="Button_Test_utilization_synth.rpt"/>
  <File Type="RDS-PROPCONSTRS" Name="Button_Test_drc_synth.rpt"/>
  <FileSet Name="sources" Type="DesignSrcs" RelSrcDir="$PSRCDIR/sources_1">
    <Filter Type="Srcs"/>
    <File Path="$PSRCDIR/sources_1/new/Button.vhd">
      <FileInfo>
        <Attr Name="UsedIn" Val="synthesis"/>
        <Attr Name="UsedIn" Val="simulation"/>
      </FileInfo>
    </File>
    <File Path="$PSRCDIR/sources_1/new/Button_Test.vhd">
      <FileInfo>
        <Attr Name="UsedIn" Val="synthesis"/>
        <Attr Name="UsedIn" Val="simulation"/>
      </FileInfo>
    </File>
    <Config>
      <Option Name="DesignMode" Val="RTL"/>
      <Option Name="TopModule" Val="Button_Test"/>
      <Option Name="TopAutoSet" Val="TRUE"/>
    </Config>
  </FileSet>
  <FileSet Name="constrs_in" Type="Constrs" RelSrcDir="$PSRCDIR/constrs_1">
    <Filter Type="Constrs"/>
    <File Path="$PSRCDIR/constrs_1/new/Button_Constraints.xdc">
      <FileInfo>
        <Attr Name="UsedIn" Val="synthesis"/>
        <Attr Name="UsedIn" Val="implementation"/>
      </FileInfo>
    </File>
    <Config>
      <Option Name="ConstrsType" Val="XDC"/>
    </Config>
  </FileSet>
  <Strategy Version="1" Minor="2">
    <StratHandle Name="Vivado Synthesis Defaults" Flow="Vivado Synthesis 2016"/>
    <Step Id="synth_design"/>
  </Strategy>
</GenRun>
