<?xml version="1.0" encoding="UTF-8"?>
<GenRun Id="impl_1" LaunchPart="xc7a35tcpg236-1" LaunchTime="1481055656">
  <File Type="BITSTR-RBT" Name="Display_Source.rbt"/>
  <File Type="WBT-USG" Name="usage_statistics_webtalk.html"/>
  <File Type="BITSTR-NKY" Name="Display_Source.nky"/>
  <File Type="PWROPT-DRC" Name="Display_Source_drc_pwropted.rpt"/>
  <File Type="RDI-RDI" Name="Display_Source.vdi"/>
  <File Type="BITSTR-SYSDEF" Name="Display_Source.sysdef"/>
  <File Type="BG-DRC" Name="Display_Source.drc"/>
  <File Type="BG-BGN" Name="Display_Source.bgn"/>
  <File Type="BITSTR-MMI" Name="Display_Source.mmi"/>
  <File Type="BITSTR-BMM" Name="Display_Source_bd.bmm"/>
  <File Type="BITSTR-MSK" Name="Display_Source.msk"/>
  <File Type="BG-BIN" Name="Display_Source.bin"/>
  <File Type="ROUTE-METHODOLOGY-DRC-PB" Name="Display_Source_methodology_drc_routed.pb"/>
  <File Type="BG-BIT" Name="Display_Source.bit"/>
  <File Type="POSTROUTE-PHYSOPT-TIMING-RPX" Name="Display_Source_timing_summary_postroute_physopted.rpx"/>
  <File Type="POSTROUTE-PHYSOPT-TIMING-PB" Name="Display_Source_timing_summary_postroute_physopted.pb"/>
  <File Type="POSTROUTE-PHYSOPT-TIMING" Name="Display_Source_timing_summary_postroute_physopted.rpt"/>
  <File Type="POSTROUTE-PHYSOPT-BLACKBOX-DCP" Name="Display_Source_postroute_physopt_bb.dcp"/>
  <File Type="ROUTE-CLK" Name="Display_Source_clock_utilization_routed.rpt"/>
  <File Type="ROUTE-SIMILARITY" Name="Display_Source_incremental_reuse_routed.rpt"/>
  <File Type="ROUTE-TIMING-RPX" Name="Display_Source_timing_summary_routed.rpx"/>
  <File Type="ROUTE-TIMING-PB" Name="Display_Source_timing_summary_routed.pb"/>
  <File Type="ROUTE-TIMINGSUMMARY" Name="Display_Source_timing_summary_routed.rpt"/>
  <File Type="PA-TCL" Name="Display_Source.tcl"/>
  <File Type="ROUTE-STATUS-PB" Name="Display_Source_route_status.pb"/>
  <File Type="ROUTE-STATUS" Name="Display_Source_route_status.rpt"/>
  <File Type="ROUTE-PWR-RPX" Name="Display_Source_power_routed.rpx"/>
  <File Type="ROUTE-PWR-SUM" Name="Display_Source_power_summary_routed.pb"/>
  <File Type="ROUTE-PWR" Name="Display_Source_power_routed.rpt"/>
  <File Type="ROUTE-METHODOLOGY-DRC" Name="Display_Source_methodology_drc_routed.rpt"/>
  <File Type="ROUTE-DRC-PB" Name="Display_Source_drc_routed.pb"/>
  <File Type="ROUTE-DRC" Name="Display_Source_drc_routed.rpt"/>
  <File Type="ROUTE-BLACKBOX-DCP" Name="Display_Source_routed_bb.dcp"/>
  <File Type="ROUTE-DCP" Name="Display_Source_routed.dcp"/>
  <File Type="PHYSOPT-TIMING" Name="Display_Source_timing_summary_physopted.rpt"/>
  <File Type="PHYSOPT-DRC" Name="Display_Source_drc_physopted.rpt"/>
  <File Type="PHYSOPT-DCP" Name="Display_Source_physopt.dcp"/>
  <File Type="POSTPLACE-PWROPT-TIMING" Name="Display_Source_timing_summary_postplace_pwropted.rpt"/>
  <File Type="POSTPLACE-PWROPT-DCP" Name="Display_Source_postplace_pwropt.dcp"/>
  <File Type="PLACE-TIMING" Name="Display_Source_timing_summary_placed.rpt"/>
  <File Type="PLACE-PRE-SIMILARITY" Name="Display_Source_incremental_reuse_pre_placed.rpt"/>
  <File Type="PLACE-SIMILARITY" Name="Display_Source_incremental_reuse_placed.rpt"/>
  <File Type="PLACE-CTRL" Name="Display_Source_control_sets_placed.rpt"/>
  <File Type="PLACE-UTIL-PB" Name="Display_Source_utilization_placed.pb"/>
  <File Type="PLACE-UTIL" Name="Display_Source_utilization_placed.rpt"/>
  <File Type="PLACE-CLK" Name="Display_Source_clock_utilization_placed.rpt"/>
  <File Type="PLACE-IO" Name="Display_Source_io_placed.rpt"/>
  <File Type="PLACE-DCP" Name="Display_Source_placed.dcp"/>
  <File Type="PWROPT-TIMING" Name="Display_Source_timing_summary_pwropted.rpt"/>
  <File Type="PWROPT-DCP" Name="Display_Source_pwropt.dcp"/>
  <File Type="OPT-TIMING" Name="Display_Source_timing_summary_opted.rpt"/>
  <File Type="OPT-HWDEF" Name="Display_Source.hwdef"/>
  <File Type="OPT-METHODOLOGY-DRC" Name="Display_Source_methodology_drc_opted.rpt"/>
  <File Type="OPT-DRC" Name="Display_Source_drc_opted.rpt"/>
  <File Type="OPT-DCP" Name="Display_Source_opt.dcp"/>
  <File Type="INIT-TIMING" Name="Display_Source_timing_summary_init.rpt"/>
  <File Type="POSTROUTE-PHYSOPT-DCP" Name="Display_Source_postroute_physopt.dcp"/>
  <FileSet Name="sources" Type="DesignSrcs" RelSrcDir="$PSRCDIR/sources_1">
    <Filter Type="Srcs"/>
    <File Path="$PSRCDIR/sources_1/new/Display_Key.vhd">
      <FileInfo>
        <Attr Name="UsedIn" Val="synthesis"/>
        <Attr Name="UsedIn" Val="simulation"/>
      </FileInfo>
    </File>
    <File Path="$PSRCDIR/sources_1/new/Word_Key.vhd">
      <FileInfo>
        <Attr Name="UsedIn" Val="synthesis"/>
        <Attr Name="UsedIn" Val="simulation"/>
      </FileInfo>
    </File>
    <File Path="$PSRCDIR/sources_1/new/Display_Source.vhd">
      <FileInfo>
        <Attr Name="UsedIn" Val="synthesis"/>
        <Attr Name="UsedIn" Val="simulation"/>
      </FileInfo>
    </File>
    <Config>
      <Option Name="DesignMode" Val="RTL"/>
      <Option Name="TopModule" Val="Display_Source"/>
      <Option Name="TopAutoSet" Val="TRUE"/>
    </Config>
  </FileSet>
  <FileSet Name="constrs_in" Type="Constrs" RelSrcDir="$PSRCDIR/constrs_1">
    <Filter Type="Constrs"/>
    <File Path="$PSRCDIR/constrs_1/new/constraints.xdc">
      <FileInfo>
        <Attr Name="UsedIn" Val="synthesis"/>
        <Attr Name="UsedIn" Val="implementation"/>
      </FileInfo>
    </File>
    <Config>
      <Option Name="ConstrsType" Val="XDC"/>
    </Config>
  </FileSet>
  <Strategy Version="1" Minor="2">
    <StratHandle Name="Vivado Implementation Defaults" Flow="Vivado Implementation 2016"/>
    <Step Id="init_design"/>
    <Step Id="opt_design"/>
    <Step Id="power_opt_design"/>
    <Step Id="place_design"/>
    <Step Id="post_place_power_opt_design"/>
    <Step Id="phys_opt_design"/>
    <Step Id="route_design"/>
    <Step Id="post_route_phys_opt_design"/>
    <Step Id="write_bitstream"/>
  </Strategy>
</GenRun>
