<?xml version="1.0" encoding="UTF-8"?>
<GenRun Id="impl_1" LaunchPart="xc7a35tcpg236-1" LaunchTime="1480363278">
  <File Type="POSTPLACE-PWROPT-TIMING" Name="Counter_Wrapper_timing_summary_postplace_pwropted.rpt"/>
  <File Type="PHYSOPT-DCP" Name="Counter_Wrapper_physopt.dcp"/>
  <File Type="PHYSOPT-DRC" Name="Counter_Wrapper_drc_physopted.rpt"/>
  <File Type="PHYSOPT-TIMING" Name="Counter_Wrapper_timing_summary_physopted.rpt"/>
  <File Type="ROUTE-DCP" Name="Counter_Wrapper_routed.dcp"/>
  <File Type="ROUTE-BLACKBOX-DCP" Name="Counter_Wrapper_routed_bb.dcp"/>
  <File Type="ROUTE-DRC" Name="Counter_Wrapper_drc_routed.rpt"/>
  <File Type="ROUTE-DRC-PB" Name="Counter_Wrapper_drc_routed.pb"/>
  <File Type="ROUTE-METHODOLOGY-DRC" Name="Counter_Wrapper_methodology_drc_routed.rpt"/>
  <File Type="ROUTE-METHODOLOGY-DRC-PB" Name="Counter_Wrapper_methodology_drc_routed.pb"/>
  <File Type="ROUTE-PWR" Name="Counter_Wrapper_power_routed.rpt"/>
  <File Type="ROUTE-PWR-SUM" Name="Counter_Wrapper_power_summary_routed.pb"/>
  <File Type="ROUTE-PWR-RPX" Name="Counter_Wrapper_power_routed.rpx"/>
  <File Type="ROUTE-STATUS" Name="Counter_Wrapper_route_status.rpt"/>
  <File Type="ROUTE-STATUS-PB" Name="Counter_Wrapper_route_status.pb"/>
  <File Type="BITSTR-SYSDEF" Name="Counter_Wrapper.sysdef"/>
  <File Type="ROUTE-TIMING-RPX" Name="Counter_Wrapper_timing_summary_routed.rpx"/>
  <File Type="BG-BGN" Name="Counter_Wrapper.bgn"/>
  <File Type="POSTROUTE-PHYSOPT-TIMING-RPX" Name="Counter_Wrapper_timing_summary_postroute_physopted.rpx"/>
  <File Type="BITSTR-MMI" Name="Counter_Wrapper.mmi"/>
  <File Type="ROUTE-TIMING-PB" Name="Counter_Wrapper_timing_summary_routed.pb"/>
  <File Type="PLACE-UTIL-PB" Name="Counter_Wrapper_utilization_placed.pb"/>
  <File Type="PLACE-UTIL" Name="Counter_Wrapper_utilization_placed.rpt"/>
  <File Type="PLACE-DCP" Name="Counter_Wrapper_placed.dcp"/>
  <File Type="BITSTR-NKY" Name="Counter_Wrapper.nky"/>
  <File Type="PLACE-CLK" Name="Counter_Wrapper_clock_utilization_placed.rpt"/>
  <File Type="PWROPT-TIMING" Name="Counter_Wrapper_timing_summary_pwropted.rpt"/>
  <File Type="OPT-DRC" Name="Counter_Wrapper_drc_opted.rpt"/>
  <File Type="RDI-RDI" Name="Counter_Wrapper.vdi"/>
  <File Type="PWROPT-DRC" Name="Counter_Wrapper_drc_pwropted.rpt"/>
  <File Type="PWROPT-DCP" Name="Counter_Wrapper_pwropt.dcp"/>
  <File Type="BITSTR-BMM" Name="Counter_Wrapper_bd.bmm"/>
  <File Type="PA-TCL" Name="Counter_Wrapper.tcl"/>
  <File Type="POSTROUTE-PHYSOPT-DCP" Name="Counter_Wrapper_postroute_physopt.dcp"/>
  <File Type="OPT-DCP" Name="Counter_Wrapper_opt.dcp"/>
  <File Type="BITSTR-RBT" Name="Counter_Wrapper.rbt"/>
  <File Type="PLACE-IO" Name="Counter_Wrapper_io_placed.rpt"/>
  <File Type="OPT-TIMING" Name="Counter_Wrapper_timing_summary_opted.rpt"/>
  <File Type="OPT-HWDEF" Name="Counter_Wrapper.hwdef"/>
  <File Type="PLACE-TIMING" Name="Counter_Wrapper_timing_summary_placed.rpt"/>
  <File Type="INIT-TIMING" Name="Counter_Wrapper_timing_summary_init.rpt"/>
  <File Type="OPT-METHODOLOGY-DRC" Name="Counter_Wrapper_methodology_drc_opted.rpt"/>
  <File Type="PLACE-CTRL" Name="Counter_Wrapper_control_sets_placed.rpt"/>
  <File Type="PLACE-SIMILARITY" Name="Counter_Wrapper_incremental_reuse_placed.rpt"/>
  <File Type="PLACE-PRE-SIMILARITY" Name="Counter_Wrapper_incremental_reuse_pre_placed.rpt"/>
  <File Type="POSTPLACE-PWROPT-DCP" Name="Counter_Wrapper_postplace_pwropt.dcp"/>
  <File Type="POSTROUTE-PHYSOPT-TIMING" Name="Counter_Wrapper_timing_summary_postroute_physopted.rpt"/>
  <File Type="BG-BIT" Name="Counter_Wrapper.bit"/>
  <File Type="ROUTE-TIMINGSUMMARY" Name="Counter_Wrapper_timing_summary_routed.rpt"/>
  <File Type="BG-BIN" Name="Counter_Wrapper.bin"/>
  <File Type="ROUTE-SIMILARITY" Name="Counter_Wrapper_incremental_reuse_routed.rpt"/>
  <File Type="BITSTR-MSK" Name="Counter_Wrapper.msk"/>
  <File Type="ROUTE-CLK" Name="Counter_Wrapper_clock_utilization_routed.rpt"/>
  <File Type="POSTROUTE-PHYSOPT-BLACKBOX-DCP" Name="Counter_Wrapper_postroute_physopt_bb.dcp"/>
  <File Type="WBT-USG" Name="usage_statistics_webtalk.html"/>
  <File Type="POSTROUTE-PHYSOPT-TIMING-PB" Name="Counter_Wrapper_timing_summary_postroute_physopted.pb"/>
  <File Type="BG-DRC" Name="Counter_Wrapper.drc"/>
  <FileSet Name="sources" Type="DesignSrcs" RelSrcDir="$PSRCDIR/sources_1">
    <Filter Type="Srcs"/>
    <File Path="$PSRCDIR/sources_1/new/Bin2Hex.vhd">
      <FileInfo>
        <Attr Name="UsedIn" Val="synthesis"/>
        <Attr Name="UsedIn" Val="simulation"/>
      </FileInfo>
    </File>
    <File Path="$PSRCDIR/sources_1/new/Binary_to_BCD.vhd">
      <FileInfo>
        <Attr Name="UsedIn" Val="synthesis"/>
        <Attr Name="UsedIn" Val="simulation"/>
      </FileInfo>
    </File>
    <File Path="$PSRCDIR/sources_1/new/Counter_Wrapper.vhd">
      <FileInfo>
        <Attr Name="UsedIn" Val="synthesis"/>
        <Attr Name="UsedIn" Val="simulation"/>
      </FileInfo>
    </File>
    <Config>
      <Option Name="DesignMode" Val="RTL"/>
      <Option Name="TopModule" Val="Counter_Wrapper"/>
      <Option Name="TopAutoSet" Val="TRUE"/>
    </Config>
  </FileSet>
  <FileSet Name="constrs_in" Type="Constrs" RelSrcDir="$PSRCDIR/constrs_1">
    <Filter Type="Constrs"/>
    <File Path="$PSRCDIR/constrs_1/Bin2Hex_Const.xdc">
      <FileInfo>
        <Attr Name="UsedIn" Val="synthesis"/>
        <Attr Name="UsedIn" Val="implementation"/>
      </FileInfo>
    </File>
    <Config>
      <Option Name="ConstrsType" Val="XDC"/>
    </Config>
  </FileSet>
  <Strategy Version="1" Minor="2">
    <StratHandle Name="Vivado Implementation Defaults" Flow="Vivado Implementation 2016"/>
    <Step Id="init_design"/>
    <Step Id="opt_design"/>
    <Step Id="power_opt_design"/>
    <Step Id="place_design"/>
    <Step Id="post_place_power_opt_design"/>
    <Step Id="phys_opt_design"/>
    <Step Id="route_design"/>
    <Step Id="post_route_phys_opt_design"/>
    <Step Id="write_bitstream"/>
  </Strategy>
</GenRun>
